{
	"info": {
		"_postman_id": "3272e8cc-12d4-432f-a28d-8da70ba87531",
		"name": "Edureka",
		"schema": "https://schema.getpostman.com/json/collection/v2.1.0/collection.json",
		"_exporter_id": "36697308"
	},
	"item": [
		{
			"name": "http://localhost:8080/products/67a3f7b092e7533aaf308e37",
			"request": {
				"auth": {
					"type": "noauth"
				},
				"method": "GET",
				"header": [],
				"url": {
					"raw": "http://localhost:8080/products/67a3f7b092e7533aaf308e37",
					"protocol": "http",
					"host": [
						"localhost"
					],
					"port": "8080",
					"path": [
						"products",
						"67a3f7b092e7533aaf308e37"
					]
				}
			},
			"response": []
		},
		{
			"name": "http://localhost:8080/api/v1/fee/add/details",
			"request": {
				"auth": {
					"type": "noauth"
				},
				"method": "POST",
				"header": [],
				"body": {
					"mode": "raw",
					"raw": "{\r\n    \"currentYear\": 2025,\r\n    \"startMonth\": \"Jan\",\r\n    \"endMonth\": \"Dec\",\r\n    \"dateOfPayment\": \"6thFeb2025\",\r\n    \"amount\": 1003.00,\r\n    \"student\":{\r\n    \"id\": 1\r\n    \r\n    } \r\n}  ",
					"options": {
						"raw": {
							"language": "json"
						}
					}
				},
				"url": {
					"raw": "http://localhost:8081/api/v1/fee/add/details",
					"protocol": "http",
					"host": [
						"localhost"
					],
					"port": "8081",
					"path": [
						"api",
						"v1",
						"fee",
						"add",
						"details"
					]
				}
			},
			"response": []
		},
		{
			"name": "http://localhost:8080/api/v1/student/get/all",
			"request": {
				"method": "GET",
				"header": [],
				"url": {
					"raw": "http://localhost:8080/api/v1/student/get/all",
					"protocol": "http",
					"host": [
						"localhost"
					],
					"port": "8080",
					"path": [
						"api",
						"v1",
						"student",
						"get",
						"all"
					]
				}
			},
			"response": []
		},
		{
			"name": "http://localhost:8080/api/v1/student/delete/1",
			"request": {
				"auth": {
					"type": "noauth"
				},
				"method": "DELETE",
				"header": [],
				"url": {
					"raw": "http://localhost:8080/api/v1/student/delete/1",
					"protocol": "http",
					"host": [
						"localhost"
					],
					"port": "8080",
					"path": [
						"api",
						"v1",
						"student",
						"delete",
						"1"
					]
				}
			},
			"response": []
		},
		{
			"name": "http://localhost:8080/api/v1/student/add/new",
			"request": {
				"auth": {
					"type": "noauth"
				},
				"method": "POST",
				"header": [],
				"body": {
					"mode": "raw",
					"raw": "{\r\n \"rollNo\": 9,\r\n    \"firstName\": \"Kushal Kumar\",\r\n    \"lastName\": \"Reddy\",\r\n    \"address\": \"Hyderabad\",\r\n    \"phoneNo\": \"7592455769\",\r\n    \"grade\": 1\r\n   } ",
					"options": {
						"raw": {
							"language": "json"
						}
					}
				},
				"url": {
					"raw": "http://localhost:8080/api/v1/student/add/new",
					"protocol": "http",
					"host": [
						"localhost"
					],
					"port": "8080",
					"path": [
						"api",
						"v1",
						"student",
						"add",
						"new"
					]
				}
			},
			"response": []
		},
		{
			"name": "http://localhost:8080/api/v1/student/get/id/1",
			"request": {
				"auth": {
					"type": "noauth"
				},
				"method": "GET",
				"header": [],
				"url": {
					"raw": "http://localhost:8080/api/v1/student/get/id/1",
					"protocol": "http",
					"host": [
						"localhost"
					],
					"port": "8080",
					"path": [
						"api",
						"v1",
						"student",
						"get",
						"id",
						"1"
					]
				}
			},
			"response": []
		},
		{
			"name": "http://localhost:8080/auth/register",
			"request": {
				"auth": {
					"type": "noauth"
				},
				"method": "POST",
				"header": [
					{
						"key": "alg",
						"value": "",
						"type": "text",
						"disabled": true
					}
				],
				"body": {
					"mode": "urlencoded",
					"urlencoded": [
						{
							"key": "username",
							"value": "user1",
							"type": "text"
						},
						{
							"key": "password",
							"value": "password1",
							"type": "text"
						},
						{
							"key": "role",
							"value": "ROLE_USER",
							"type": "text"
						}
					]
				},
				"url": {
					"raw": "http://localhost:8080/auth/register",
					"protocol": "http",
					"host": [
						"localhost"
					],
					"port": "8080",
					"path": [
						"auth",
						"register"
					],
					"query": [
						{
							"key": "username",
							"value": "1231",
							"disabled": true
						},
						{
							"key": "password",
							"value": "12323",
							"disabled": true
						},
						{
							"key": "role",
							"value": "USER_ROLE",
							"disabled": true
						}
					]
				}
			},
			"response": []
		},
		{
			"name": "http://localhost:8090/auth/login",
			"request": {
				"auth": {
					"type": "noauth"
				},
				"method": "POST",
				"header": [],
				"body": {
					"mode": "urlencoded",
					"urlencoded": [
						{
							"key": "username",
							"value": "user4",
							"type": "text"
						},
						{
							"key": "password",
							"value": "password4",
							"type": "text"
						}
					]
				},
				"url": {
					"raw": "http://localhost:8090/auth/login",
					"protocol": "http",
					"host": [
						"localhost"
					],
					"port": "8090",
					"path": [
						"auth",
						"login"
					]
				}
			},
			"response": []
		}
	]
}